{"count":1,"self":2.4913111999999997,"total":19.917966099999997,"children":{"InitializeSensors":{"count":1,"self":0.0020001,"total":0.0020001,"children":null},"AgentSendState":{"count":2202,"self":0.032853799999999996,"total":1.671231,"children":{"CollectObservations":{"count":2201,"self":0.0019971999999999998,"total":0.0019971999999999998,"children":null},"CollectDiscreteActionMasks":{"count":2201,"self":0.0088559,"total":0.0088559,"children":null},"AgentInfo.ToProto":{"count":2201,"self":0.010952799999999999,"total":1.6275241,"children":{"GenerateSensorData":{"count":2201,"self":0.047086199999999995,"total":1.6165713,"children":{"RenderTextureSensor.GetCompressedObservation":{"count":2201,"self":1.5694850999999999,"total":1.5694850999999999,"children":null}}}}}}},"DecideAction":{"count":2202,"self":15.3755072,"total":15.375506699999999,"children":null},"AgentAct":{"count":2202,"self":0.074067399999999992,"total":0.37494879999999997,"children":{"AgentInfo.ToProto":{"count":371,"self":0.0039134,"total":0.30088139999999997,"children":{"GenerateSensorData":{"count":371,"self":0.0049315,"total":0.296968,"children":{"RenderTextureSensor.GetCompressedObservation":{"count":371,"self":0.2920365,"total":0.2920365,"children":null}}}}}}}},"gauges":{"GridWorld.CumulativeReward":{"count":371,"max":1,"min":-1.58999968,"runningAverage":0.9199192,"value":1,"weightedAverage":0.6214732}},"metadata":{"timer_format_version":"0.1.0","start_time_seconds":"1605448478","unity_version":"2019.1.13f1","command_line_arguments":"D:\\dev\\unitymlagents\\Unity_ML_Agents_1.0\\agents\\..\/envs\/GridWorld0.15\/GridWorld.exe --mlagents-port 5005","communication_protocol_version":"1.0.0","com.unity.ml-agents_version":"1.1.0-preview","scene_name":"GridWorld","end_time_seconds":"1605448498"}}