{"count":1,"self":152.2574848,"total":664.6821952,"children":{"InitializeSensors":{"count":1,"self":0.0020001999999999997,"total":0.0020001999999999997,"children":null},"AgentSendState":{"count":60002,"self":0.60350969999999993,"total":45.5851022,"children":{"CollectObservations":{"count":60001,"self":0.1089146,"total":0.1089146,"children":null},"CollectDiscreteActionMasks":{"count":60001,"self":0.1663709,"total":0.1663709,"children":null},"AgentInfo.ToProto":{"count":60001,"self":0.30353749999999996,"total":44.706306999999995,"children":{"GenerateSensorData":{"count":60001,"self":1.0928083,"total":44.4027695,"children":{"RenderTextureSensor.GetCompressedObservation":{"count":60001,"self":43.3099616,"total":43.3099612,"children":null}}}}}}},"DecideAction":{"count":60002,"self":455.1292416,"total":455.12925229999996,"children":null},"AgentAct":{"count":60002,"self":2.8159967999999997,"total":11.7063554,"children":{"AgentInfo.ToProto":{"count":11404,"self":0.0675423,"total":8.890358599999999,"children":{"GenerateSensorData":{"count":11404,"self":0.19893129999999998,"total":8.8228163,"children":{"RenderTextureSensor.GetCompressedObservation":{"count":11404,"self":8.623884799999999,"total":8.623885,"children":null}}}}}}}},"gauges":{"GridWorld.CumulativeReward":{"count":11404,"max":1,"min":-1.86999941,"runningAverage":0.796480954,"value":1,"weightedAverage":0.9742495}},"metadata":{"timer_format_version":"0.1.0","start_time_seconds":"1605367955","unity_version":"2019.1.13f1","command_line_arguments":"D:\\dev\\unitymlagents\\Unity_ML_Agents_1.0\\agents\\..\/envs\/GridWorld\/GridWorld.exe --mlagents-port 5005","communication_protocol_version":"1.0.0","com.unity.ml-agents_version":"1.1.0-preview","scene_name":"GridWorld","end_time_seconds":"1605368619"}}