{"count":1,"self":106.52919039999999,"total":415.9657105,"children":{"InitializeActuators":{"count":1,"self":0.0030028999999999998,"total":0.0030028999999999998,"children":null},"InitializeSensors":{"count":1,"self":0.0090007,"total":0.0090007,"children":null},"AgentSendState":{"count":55002,"self":0.3111452,"total":41.315749,"children":{"CollectObservations":{"count":55001,"self":0.93083699999999991,"total":0.93083699999999991,"children":null},"WriteActionMask":{"count":55001,"self":0.0885598,"total":0.0885598,"children":null},"RequestDecision":{"count":55001,"self":0.2115878,"total":39.985206999999996,"children":{"AgentInfo.ToProto":{"count":55001,"self":0.3054252,"total":39.7736192,"children":{"GenerateSensorData":{"count":55001,"self":2.7894015999999997,"total":39.468194,"children":{"RenderTextureSensor.GetCompressedObservation":{"count":55001,"self":36.6787936,"total":36.6787925,"children":null}}}}}}}}},"DecideAction":{"count":55002,"self":257.8688512,"total":257.86885359999997,"children":null},"AgentAct":{"count":55002,"self":3.0690717999999997,"total":10.2379105,"children":{"AgentInfo.ToProto":{"count":9286,"self":0.0411365,"total":7.1688386999999993,"children":{"GenerateSensorData":{"count":9286,"self":0.9173536,"total":7.1277022,"children":{"RenderTextureSensor.GetCompressedObservation":{"count":9286,"self":6.2103487999999993,"total":6.2103486,"children":null}}}}}}}},"gauges":{"GridWorld.CumulativeReward":{"count":9286,"max":1,"min":-1.78999949,"runningAverage":0.6892587,"value":-1.04,"weightedAverage":0.306165427}},"metadata":{"timer_format_version":"0.1.0","start_time_seconds":"1628693037","unity_version":"2021.1.6f1","command_line_arguments":"D:\\dev\\unitymlagents\\Unity_ML_Agents_2.0\\agents\\..\/envs\/GridWorld_Windows\/GridWorld.exe --mlagents-port 5005","communication_protocol_version":"1.5.0","com.unity.ml-agents_version":"2.0.0-exp.1","scene_name":"GridWorld","end_time_seconds":"1628693452"}}