{"count":1,"self":108.22321919999999,"total":549.4699817,"children":{"InitializeActuators":{"count":1,"self":0.0019998999999999998,"total":0.0019998999999999998,"children":null},"InitializeSensors":{"count":1,"self":0.015204899999999999,"total":0.015204899999999999,"children":null},"AgentSendState":{"count":55002,"self":0.3621854,"total":40.2616842,"children":{"CollectObservations":{"count":55001,"self":1.0239352,"total":1.0239352,"children":null},"WriteActionMask":{"count":55001,"self":0.1294596,"total":0.1294596,"children":null},"RequestDecision":{"count":55001,"self":0.2060234,"total":38.746103999999995,"children":{"AgentInfo.ToProto":{"count":55001,"self":0.30876,"total":38.540080599999996,"children":{"GenerateSensorData":{"count":55001,"self":2.2020914,"total":38.2313206,"children":{"RenderTextureSensor.GetCompressedObservation":{"count":55001,"self":36.0292288,"total":36.029229199999996,"children":null}}}}}}}}},"DecideAction":{"count":55002,"self":390.83166719999997,"total":390.8316701,"children":null},"AgentAct":{"count":55002,"self":3.0561692,"total":10.134201299999999,"children":{"AgentInfo.ToProto":{"count":9775,"self":0.0610639,"total":7.0780319999999994,"children":{"GenerateSensorData":{"count":9775,"self":0.88675169999999992,"total":7.0169681,"children":{"RenderTextureSensor.GetCompressedObservation":{"count":9775,"self":6.1302164,"total":6.1302164,"children":null}}}}}}}},"gauges":{"GridWorld.CumulativeReward":{"count":9775,"max":1,"min":-1.98999929,"runningAverage":0.7319102,"value":0.94,"weightedAverage":0.958254457}},"metadata":{"timer_format_version":"0.1.0","start_time_seconds":"1622976806","unity_version":"2021.1.6f1","command_line_arguments":"D:\\dev\\unitymlagents\\Unity_ML_Agents_2.0\\agents\\..\/envs\/GridWorld_Windows\/GridWorld.exe --mlagents-port 5005","communication_protocol_version":"1.5.0","com.unity.ml-agents_version":"2.0.0-exp.1","scene_name":"GridWorld","end_time_seconds":"1622977355"}}