{"count":1,"self":1196.0416255999999,"total":5717.2060324999993,"children":{"InitializeActuators":{"count":8,"self":0.0049989,"total":0.0049989,"children":null},"InitializeSensors":{"count":8,"self":0.0080384,"total":0.0080384,"children":null},"AgentSendState":{"count":550001,"self":11.588139199999999,"total":323.58417579999997,"children":{"CollectObservations":{"count":4400008,"self":221.4322944,"total":221.4323066,"children":null},"WriteActionMask":{"count":4400008,"self":2.2101508,"total":2.2101509,"children":null},"RequestDecision":{"count":4400008,"self":6.388018,"total":88.3535792,"children":{"AgentInfo.ToProto":{"count":4400008,"self":10.086365599999999,"total":81.9655611,"children":{"GenerateSensorData":{"count":4400008,"self":71.8791936,"total":71.8791952,"children":null}}}}}}},"DecideAction":{"count":550001,"self":4099.3341439999995,"total":4099.333994,"children":null},"AgentAct":{"count":550001,"self":94.8643776,"total":98.2301554,"children":{"AgentInfo.ToProto":{"count":106299,"self":0.4847453,"total":3.3657771,"children":{"GenerateSensorData":{"count":106299,"self":2.8810317999999997,"total":2.8810317999999997,"children":null}}}}}},"gauges":{"My Behavior.CumulativeReward":{"count":106299,"max":11.4638786,"min":-1,"runningAverage":0.96107,"value":0.202654958,"weightedAverage":0.279673278}},"metadata":{"timer_format_version":"0.1.0","start_time_seconds":"1630329027","unity_version":"2021.1.6f1","command_line_arguments":"D:\\dev\\unitymlagents\\Unity_ML_Agents_2.0\\agents\\..\/envs\/Dodge_Windows\/Dodge.exe --mlagents-port 5005","communication_protocol_version":"1.5.0","com.unity.ml-agents_version":"2.0.0-exp.1","scene_name":"DodgeScene","end_time_seconds":"1630334744"}}