{"count":1,"self":179.63968,"total":2004.7122679,"children":{"InitializeActuators":{"count":8,"self":0.0030069999999999997,"total":0.0030069999999999997,"children":null},"InitializeSensors":{"count":8,"self":0.0030001999999999997,"total":0.0030001999999999997,"children":null},"AgentSendState":{"count":225245,"self":4.2602556,"total":121.61436549999999,"children":{"CollectObservations":{"count":1801960,"self":79.95678079999999,"total":79.956779,"children":null},"WriteActionMask":{"count":1801960,"self":0.81051489999999993,"total":0.81051489999999993,"children":null},"RequestDecision":{"count":1801960,"self":2.2518162,"total":36.5868161,"children":{"AgentInfo.ToProto":{"count":1801960,"self":3.8456515999999996,"total":34.3349999,"children":{"GenerateSensorData":{"count":1801960,"self":30.489347199999997,"total":30.489348399999997,"children":null}}}}}}},"DecideAction":{"count":225245,"self":1641.93536,"total":1641.9353099999998,"children":null},"AgentAct":{"count":225245,"self":58.7745088,"total":61.5149094,"children":{"AgentInfo.ToProto":{"count":102440,"self":0.39424149999999997,"total":2.7404032,"children":{"GenerateSensorData":{"count":102440,"self":2.3461616,"total":2.3461616999999997,"children":null}}}}}},"gauges":{"My Behavior.CumulativeReward":{"count":102440,"max":13.795435,"min":-1,"runningAverage":0.522116363,"value":-0.199999928,"weightedAverage":0.293604672}},"metadata":{"timer_format_version":"0.1.0","start_time_seconds":"1630507729","unity_version":"2021.1.6f1","command_line_arguments":"D:\\dev\\unitymlagents\\Unity_ML_Agents_2.0\\agents\\..\/envs\/Dodge_Windows\/Dodge.exe --mlagents-port 5005","communication_protocol_version":"1.5.0","com.unity.ml-agents_version":"2.0.0-exp.1","scene_name":"DodgeScene","end_time_seconds":"1630509733"}}