{"count":1,"self":123.5285248,"total":420.85996589999996,"children":{"InitializeActuators":{"count":8,"self":0.0019941,"total":0.0019941,"children":null},"InitializeSensors":{"count":8,"self":0.0019944999999999997,"total":0.0019944999999999997,"children":null},"AgentSendState":{"count":20889,"self":0.3529178,"total":12.500712199999999,"children":{"CollectObservations":{"count":167112,"self":7.8422528,"total":7.8422531,"children":null},"WriteActionMask":{"count":167112,"self":0.067809399999999992,"total":0.067809399999999992,"children":null},"RequestDecision":{"count":167112,"self":0.23692619999999998,"total":4.2377319,"children":{"AgentInfo.ToProto":{"count":167112,"self":0.4172014,"total":4.0008057,"children":{"GenerateSensorData":{"count":167112,"self":3.5836044,"total":3.5836042999999997,"children":null}}}}}}},"DecideAction":{"count":20889,"self":279.49719039999997,"total":279.4971939,"children":null},"AgentAct":{"count":20889,"self":5.0408528,"total":5.3285425,"children":{"AgentInfo.ToProto":{"count":10974,"self":0.0369809,"total":0.2876896,"children":{"GenerateSensorData":{"count":10974,"self":0.2507087,"total":0.2507087,"children":null}}}}}},"gauges":{"My Behavior.CumulativeReward":{"count":10974,"max":10.04757,"min":-1,"runningAverage":0.420944124,"value":1.59999967,"weightedAverage":0.6440265}},"metadata":{"timer_format_version":"0.1.0","start_time_seconds":"1630746722","unity_version":"2021.1.6f1","command_line_arguments":"D:\\myGits\\Unity_ML_Agents_2.0\\agents\\..\/envs\/Dodge_Windows\/Dodge.exe --mlagents-port 5005","communication_protocol_version":"1.5.0","com.unity.ml-agents_version":"2.0.0-exp.1","scene_name":"DodgeScene","end_time_seconds":"1630747142"}}