{"count":1,"self":159.4998272,"total":1737.7995681999998,"children":{"InitializeSensors":{"count":1,"self":0.0020001999999999997,"total":0.0020001999999999997,"children":null},"AgentSendState":{"count":60001,"self":0.8536935,"total":2.6374312,"children":{"CollectObservations":{"count":60001,"self":0.4130684,"total":0.4130684,"children":null},"CollectDiscreteActionMasks":{"count":60001,"self":0.058480199999999996,"total":0.058480199999999996,"children":null},"AgentInfo.ToProto":{"count":60001,"self":0.6146431,"total":1.3121890999999999,"children":{"GenerateSensorData":{"count":60001,"self":0.697546,"total":0.697546,"children":null}}}}},"DecideAction":{"count":60001,"self":1575.297536,"total":1575.2975861,"children":null},"AgentAct":{"count":60001,"self":0.3408216,"total":0.3607226,"children":{"AgentInfo.ToProto":{"count":887,"self":0.009989099999999999,"total":0.019901,"children":{"GenerateSensorData":{"count":887,"self":0.0099119,"total":0.0099119,"children":null}}}}}},"gauges":{"My Behavior.CumulativeReward":{"count":887,"max":8.529402,"min":-10.0776415,"runningAverage":3.8138206,"value":5.309265,"weightedAverage":5.363804}},"metadata":{"timer_format_version":"0.1.0","start_time_seconds":"1605205003","unity_version":"2019.1.13f1","command_line_arguments":"D:\\dev\\unitymlagents\\Unity_ML_Agents_1.0\\agents\\..\/envs\/Drone\/Drone.exe --mlagents-port 5005","communication_protocol_version":"1.0.0","com.unity.ml-agents_version":"1.1.0-preview","scene_name":"Drone","end_time_seconds":"1605206741"}}