{"count":1,"self":5.6399431999999994,"total":22.1216752,"children":{"InitializeActuators":{"count":1,"self":0.0019879999999999997,"total":0.0019879999999999997,"children":null},"InitializeSensors":{"count":1,"self":0.0019779999999999997,"total":0.0019779999999999997,"children":null},"AgentSendState":{"count":5343,"self":0.011651,"total":0.058986,"children":{"CollectObservations":{"count":1069,"self":0.0039145,"total":0.0039145,"children":null},"WriteActionMask":{"count":1069,"self":0.00099439999999999988,"total":0.00099439999999999988,"children":null},"RequestDecision":{"count":1069,"self":0.0058966,"total":0.0424261,"children":{"AgentInfo.ToProto":{"count":1069,"self":0.0078386,"total":0.0365295,"children":{"GenerateSensorData":{"count":1069,"self":0.0286909,"total":0.0286909,"children":null}}}}}}},"DecideAction":{"count":5343,"self":16.397942399999998,"total":16.397942,"children":null},"AgentAct":{"count":5343,"self":0.0178542,"total":0.0188529,"children":{"AgentInfo.ToProto":{"count":86,"self":0,"total":0.0009987,"children":{"GenerateSensorData":{"count":86,"self":0.0009987,"total":0.0009987,"children":null}}}}}},"gauges":{"My Behavior.CumulativeReward":{"count":86,"max":2.43735743,"min":1.04158354,"runningAverage":1.80772865,"value":2.06470227,"weightedAverage":1.9009409}},"metadata":{"timer_format_version":"0.1.0","start_time_seconds":"1625694340","unity_version":"2021.2.0a16","command_line_arguments":"D:\\myGits\\Unity_ML_Agents_2.0\\agents\\..\/envs\/Drone_Windows\/Drone.exe --mlagents-port 5005","communication_protocol_version":"1.5.0","com.unity.ml-agents_version":"2.0.0-exp.1","scene_name":"Scene","end_time_seconds":"1625694362"}}