{"count":1,"self":185.69343999999998,"total":757.2413591,"children":{"InitializeActuators":{"count":1,"self":0.0020001,"total":0.0020001,"children":null},"InitializeSensors":{"count":1,"self":0.0019992,"total":0.0019992,"children":null},"AgentSendState":{"count":60001,"self":0.42650269999999996,"total":2.5140856,"children":{"CollectObservations":{"count":60001,"self":0.17140239999999998,"total":0.17140239999999998,"children":null},"WriteActionMask":{"count":60001,"self":0.060577599999999995,"total":0.060577599999999995,"children":null},"RequestDecision":{"count":60001,"self":0.1883194,"total":1.8556028999999998,"children":{"AgentInfo.ToProto":{"count":60001,"self":0.284456,"total":1.6672835,"children":{"GenerateSensorData":{"count":60001,"self":1.3828274999999999,"total":1.3828274999999999,"children":null}}}}}}},"DecideAction":{"count":60001,"self":568.741888,"total":568.74191339999993,"children":null},"AgentAct":{"count":60001,"self":0.2599627,"total":0.2859269,"children":{"AgentInfo.ToProto":{"count":1175,"self":0.0049857,"total":0.0259642,"children":{"GenerateSensorData":{"count":1175,"self":0.0209785,"total":0.0209785,"children":null}}}}}},"gauges":{"My Behavior.CumulativeReward":{"count":1175,"max":8.785533,"min":-9.960481,"runningAverage":4.315268,"value":7.39445734,"weightedAverage":6.13600445}},"metadata":{"timer_format_version":"0.1.0","start_time_seconds":"1625668188","unity_version":"2021.1.6f1","command_line_arguments":"D:\\dev\\unitymlagents\\Unity_ML_Agents_2.0\\agents\\..\/envs\/Drone_Windows\/Drone.exe --mlagents-port 5005","communication_protocol_version":"1.5.0","com.unity.ml-agents_version":"2.0.0-exp.1","scene_name":"Scene","end_time_seconds":"1625668945"}}