{"count":1,"self":185.2639872,"total":712.8627857,"children":{"InitializeActuators":{"count":1,"self":0.0030007,"total":0.0030007,"children":null},"InitializeSensors":{"count":1,"self":0.002,"total":0.002,"children":null},"AgentSendState":{"count":60001,"self":0.4990271,"total":2.7420367999999997,"children":{"CollectObservations":{"count":60001,"self":0.1618839,"total":0.1618839,"children":null},"WriteActionMask":{"count":60001,"self":0.0748528,"total":0.0748528,"children":null},"RequestDecision":{"count":60001,"self":0.2348186,"total":2.0062729999999998,"children":{"AgentInfo.ToProto":{"count":60001,"self":0.3309545,"total":1.7714543999999999,"children":{"GenerateSensorData":{"count":60001,"self":1.4404998999999998,"total":1.4404998999999998,"children":null}}}}}}},"DecideAction":{"count":60001,"self":524.59161599999993,"total":524.59159979999993,"children":null},"AgentAct":{"count":60001,"self":0.2332078,"total":0.2581681,"children":{"AgentInfo.ToProto":{"count":1099,"self":0.00097529999999999991,"total":0.024960299999999998,"children":{"GenerateSensorData":{"count":1099,"self":0.023985,"total":0.023985,"children":null}}}}}},"gauges":{"My Behavior.CumulativeReward":{"count":1099,"max":8.819275,"min":-10.131381,"runningAverage":3.72984624,"value":5.32792759,"weightedAverage":4.74746752}},"metadata":{"timer_format_version":"0.1.0","start_time_seconds":"1625842605","unity_version":"2021.1.6f1","command_line_arguments":"D:\\dev\\unitymlagents\\Unity_ML_Agents_2.0\\agents\\..\/envs\/Drone_Windows\/Drone.exe --mlagents-port 5005","communication_protocol_version":"1.5.0","com.unity.ml-agents_version":"2.0.0-exp.1","scene_name":"Scene","end_time_seconds":"1625843318"}}
